guid,subjectid,lastmodified,expirationdate,alternativeuseruuid
a7f2bca1-93d6-4ef4-ac82-22b8023097e2,c6179cb9-14e8-4934-9432-c07966a9c743,2023-05-15T13:31:36.166Z,2024-05-14T13:31:36.166Z,9c951895-e618-4222-b729-3e3ed6bbf7ec
bccc17a6-2f18-489b-9f8b-4cbf8215c167,dd7dfd81-dc30-41a0-b1e6-2cbe880ad3c9,2023-05-24T00:30:22.451Z,2024-05-23T00:30:22.451Z,ce1fe2e7-9f7c-4a6d-a8b4-496eec0c2864
47f604db-f832-477c-82e2-86a82de86061,b209a7ee-abdb-4b1f-bef3-25ecb56ead43,2023-05-29T19:08:34.562Z,2024-05-28T19:08:34.562Z,4666cdad-f6b2-4ae3-ace8-0e36cbe4dafb
5c4c458e-525b-4d73-9e34-c182a9b238b2,d6caceca-da13-40b4-b6de-18141d7e27f0,2023-05-25T00:27:11.687Z,2024-05-24T00:27:11.687Z,01d39ae1-891a-4f3e-ad07-c11a75668c7e
5e448638-d8f8-41d3-93a7-081120367e21,048c9924-eff6-4f77-8630-9efd1e529390,2023-05-30T01:16:53.376Z,2024-05-29T01:16:53.376Z,
80cedefa-3bef-4282-ab2d-a2b518d8e62a,22da01b1-c5c1-41ce-ba8c-a8e5886a114e,2023-05-28T20:56:00.993Z,2024-05-27T20:56:00.993Z,f2e39d9b-68a7-4b73-b425-8576a83fa403
d6cda9d7-b3ff-4894-ba86-9ba5e441f9eb,38faf4f6-517a-4292-b03f-eec1533886ca,2023-05-16T00:55:35.635Z,2024-05-15T00:55:35.635Z,a8f49d70-a37a-4fd7-ae8f-6ea4b2953b0e
46d8263c-e44b-4edb-bf53-51d8aa508243,f5eb7150-a65f-466f-8f56-116ecad37e15,2023-05-22T00:49:39.568Z,2024-05-21T00:49:39.568Z,5cfde8c7-5b4d-49ea-9f41-7f951d70df31
3cced1d1-c812-4fb9-b9ea-6863a7e3f235,ec7ff858-9ee0-4f39-a534-03d374723592,2023-05-17T21:54:04.741Z,2024-05-16T21:54:04.741Z,67055384-86f7-4102-bd9b-5be4e004a7e3
73d76e30-ab28-48cb-8546-a790be37036e,987a2cff-51d0-4d72-80a3-3445ac7ebba7,2023-05-23T03:12:47.864Z,2024-05-22T03:12:47.864Z,b224c030-dd6f-4ecd-9fe0-d69d7c619a5a
be8c740b-bc28-401e-8367-c864c3ee33bf,4b241ccb-fab2-49d3-9717-4979052f8c4e,2023-05-20T05:03:18.484Z,2024-05-19T05:03:18.484Z,e7bda375-3356-4ecb-a086-5c52b8cdf640